Wall time,Step,Value
1714414079.9320567,292,0.6973326802253723
1714414147.9388359,585,0.6031004786491394
