Wall time,Step,Value
1714422705.6532838,616,0.7405602931976318
