Wall time,Step,Value
1714163737.9057178,307,0.7387332320213318
1714163785.6197581,615,0.7503045201301575
