Wall time,Step,Value
1714422591.0890758,307,0.6169780492782593
1714422660.739629,615,0.8076766729354858
