Wall time,Step,Value
1714411919.832979,586,0.5016134977340698
