Wall time,Step,Value
1714414019.308981,49,0.5625
1714414026.7682846,99,0.4375
1714414034.9352274,149,0.25
1714414042.1934702,199,0.5625
1714414050.1221015,249,0.4375
1714414081.4944873,299,0.6875
1714414090.6922438,349,0.75
1714414100.6671789,399,0.8125
1714414109.020309,449,0.5625
1714414118.088432,499,0.9375
1714414125.0717475,549,0.8125
