Wall time,Step,Value
1714414019.308981,49,0.0
1714414026.7682846,99,0.0
1714414034.9352274,149,0.0
1714414042.1934702,199,0.0
1714414050.1221015,249,0.0
1714414061.437131,292,0.0
1714414079.9365885,292,0.0
1714414081.4944873,299,1.0
1714414090.6922438,349,1.0
1714414100.6671789,399,1.0
1714414109.020309,449,1.0
1714414118.0889814,499,1.0
1714414125.0717475,549,1.0
1714414134.9493706,585,1.0
1714414147.9388359,585,1.0
1714414196.2649164,586,2.0
