Wall time,Step,Value
1714163737.9057178,307,0.5232294797897339
1714163785.6197581,615,0.5055744051933289
