Wall time,Step,Value
1714411762.9098938,49,0.5625
1714411771.3915021,99,0.4375
1714411780.0669599,149,0.25
1714411788.921332,199,0.6875
1714411795.0361607,249,0.5
1714411815.1222486,299,0.625
1714411825.3748622,349,0.8125
1714411835.0986989,399,0.75
1714411844.912885,449,0.5625
1714411854.5315292,499,0.6875
1714411863.7796671,549,0.75
