Wall time,Step,Value
1714163826.8234923,616,0.5092264413833618
