Wall time,Step,Value
1714411804.756786,292,0.6420713067054749
1714411873.969642,585,0.46000370383262634
