Wall time,Step,Value
1714414061.437131,292,0.604740560054779
1714414134.9493706,585,0.7347853779792786
