Wall time,Step,Value
1714422523.6670847,49,0.6875
1714422534.727956,99,0.5625
1714422544.7889192,149,0.75
1714422554.1645339,199,0.625
1714422563.1183841,249,0.6875
1714422571.6295033,299,0.625
1714422599.173325,349,0.5625
1714422608.9516613,399,0.8125
1714422617.9048796,449,1.0
1714422626.3481486,499,1.0
1714422634.7682784,549,1.0
1714422643.3018358,599,0.875
