Wall time,Step,Value
1714414196.2649164,586,0.5447237491607666
