Wall time,Step,Value
1714422577.0438042,307,0.5139607787132263
1714422650.0589995,615,0.5381155014038086
