Wall time,Step,Value
1714414019.308981,49,0.6582447290420532
1714414026.7682846,99,0.7012427449226379
1714414034.9352274,149,0.8021938800811768
1714414042.1934702,199,0.6492784023284912
1714414050.1221015,249,0.725074291229248
1714414081.4944873,299,0.6291933059692383
1714414090.6922438,349,0.5317122936248779
1714414100.6671789,399,0.49688729643821716
1714414109.020309,449,0.6845223903656006
1714414118.088432,499,0.5116373300552368
1714414125.0712159,549,0.3505021631717682
