Wall time,Step,Value
1714414196.2649164,586,0.7206918597221375
