Wall time,Step,Value
1714411814.0560863,292,0.693143367767334
1714411884.3437133,585,0.5929900407791138
