Wall time,Step,Value
1714163745.6542587,307,0.6255077123641968
1714163793.0862894,615,0.8155970573425293
