Wall time,Step,Value
1714163826.8249779,616,0.7490864992141724
