Wall time,Step,Value
1714411814.0560863,292,0.5572404861450195
1714411884.3437133,585,0.6862452030181885
