Wall time,Step,Value
1714411804.756786,292,0.6316463947296143
1714411873.969642,585,0.7834721207618713
