Wall time,Step,Value
1714163704.196657,49,0.6875
1714163710.2439764,99,0.5625
1714163716.1983836,149,0.6875
1714163721.9650092,199,0.8125
1714163727.7652102,249,0.75
1714163733.5738506,299,0.6875
1714163751.200501,349,0.8125
1714163757.1223733,399,0.875
1714163762.7996767,449,1.0
1714163768.608154,499,0.9375
1714163774.400132,549,0.9375
1714163780.2770982,599,0.9375
