Wall time,Step,Value
1714163704.196657,49,0.0
1714163710.2439764,99,0.0
1714163716.1983836,149,0.0
1714163721.9650092,199,0.0
1714163727.7652102,249,0.0
1714163733.5738506,299,0.0
1714163737.906715,307,0.0
1714163745.6542587,307,0.0
1714163751.200501,349,1.0
1714163757.1223733,399,1.0
1714163762.7996767,449,1.0
1714163768.608154,499,1.0
1714163774.4011405,549,1.0
1714163780.2770982,599,1.0
1714163785.6197581,615,1.0
1714163793.0862894,615,1.0
1714163826.8249779,616,2.0
