Wall time,Step,Value
1714414061.437131,292,0.6505416631698608
1714414134.9483588,585,0.5062021017074585
