Wall time,Step,Value
1714422591.088074,307,0.6305869221687317
1714422660.739629,615,0.41639432311058044
