Wall time,Step,Value
1714411762.9098938,49,0.6619735956192017
1714411771.3915021,99,0.6992856860160828
1714411780.0669599,149,0.8195369839668274
1714411788.921332,199,0.6530531048774719
1714411795.0361607,249,0.7562323212623596
1714411815.1222486,299,0.5988515019416809
1714411825.373899,349,0.4973037540912628
1714411835.0986989,399,0.460250586271286
1714411844.912885,449,0.688471794128418
1714411854.5315292,499,0.47036126255989075
1714411863.7796671,549,0.4434787929058075
