Wall time,Step,Value
1714163745.6542587,307,0.6291816234588623
1714163793.0862894,615,0.40745869278907776
