Wall time,Step,Value
1714422577.0438042,307,0.7259439826011658
1714422650.0589995,615,0.7350791692733765
