Wall time,Step,Value
1714411762.9098938,49,0.0
1714411771.3915021,99,0.0
1714411780.0669599,149,0.0
1714411788.921332,199,0.0
1714411795.0361607,249,0.0
1714411804.756786,292,0.0
1714411814.0560863,292,0.0
1714411815.1222486,299,1.0
1714411825.3748622,349,1.0
1714411835.0986989,399,1.0
1714411844.912885,449,1.0
1714411854.5315292,499,1.0
1714411863.7796671,549,1.0
1714411873.969642,585,1.0
1714411884.3437133,585,1.0
1714411919.832979,586,2.0
