Wall time,Step,Value
1714414079.9365885,292,0.5425031781196594
1714414147.9388359,585,0.6689448952674866
